YahooName,YahooAbbr,RedditAbilene Christian,abilene_christian,AbileneChristianAir Force,aab,AirForceAkron,aac,AkronAlabama,aaf,AlabamaAlabama A&M,aag,AlabamaAMAlabama St.,aah,AlabamaStAlbany,aca,AlbanyAlcorn St.,aaj,AlcornStAmerican,aan,AmericanAppalachian St.,aap,AppalachianStAR Little Rock,aat,ARLittleRockAR Pine Bluff,abi,ARPineBluffArizona,aaq,ArizonaArizona St.,aar,ArizonaStArkansas,aas,ArkansasArkansas St.,aav,ArkansasStArmy,aax,ArmyAuburn,abb,AuburnAustin Peay,abf,AustinPeayBall St.,baa,BallStBaylor,bae,BaylorBelmont,bab,BelmontBethune-Cookman,bag,BethuneCookmanBinghamton,bai,BinghamtonBoise St.,bal,BoiseStBoston Coll.,bam,BostonCollBoston U.,ban,BostonUBowling Green,bap,BowlingGreenBradley,baq,BradleyBrown,bas,BrownBryant,bry,BryantBucknell,bau,BucknellBuffalo,baz,BuffaloButler,bav,ButlerBYU,baw,BrighamYoungCal Poly,cag,CalPolyCalifornia,cah,CalCampbell,cai,CampbellCanisius,caj,CanisiusCent. Michigan,caq,CentralMichiganCentral Arkansas,cdm,CentralArkansasCentral Conn. St.,cao,CentralConnStChareleston,cat,CharelestonCharleston South,cax,CharlestonSouthCharlotte,nad,CharlotteChattanooga,cdc,ChattanoogaChicago St.,cay,ChicagoStCincinnati,cbc,CincinattiCitadel,cbv,CitadelClemson,cbg,ClemsonCleveland St.,cbh,ClevelandStCoastal carolina.,cbi,CoastalCarolinaColgate,cbk,ColgateColorado,cbl,ColoradoColorado St.,cbm,ColoradoStColumbia,cbn,ColumbiaConnecticut,cbp,ConnecticutCoppin St.,cbq,CoppinStCornell,cbr,CornellCreighton,cbt,CreightonCSU Bakersfield,ccm,CSUBakersfieldCSU Fullerton,fat,CSUFullertonCSU Northridge,nbb,CSUNorthridgeDartmouth,dac,DartmouthDavidson,dad,DavidsonDayton,dae,DaytonDelaware,dag,DelawareDelaware St.,dah,DelawareStDenver,dak,DenverDePaul,dal,DePaulDetroit,dam,DetroitDrake,dar,DrakeDrexel,dat,DrexelDuke,dau,DukeDuquesne,dav,DuquesneEastern Kentucky,eae,EasternKentuckyEasternTennSt,eaa,EasternTennStEastCarolina,eac,EastCarolinaEastern Michigan,eaf,EasternMichiganEastern Illinois,ead,EasternIllinoisEastern Wash.,eai,EasternWashElon,eat,ElonEvansville,ear,EvansvilleFair. Dickinson,faa,FairDickinsonFairfield,fab,FairfieldFlorida  Gulf Coast,flg,FloridaGulfCoastFlorida,fak,FloridaFlorida A&M,fal,FloridaAMFlorida Atlantic,fav,FloridaAtlanticFlorida Intl.,fam,FloridaIntlFlorida St.,fan,FloridaStFordham,fao,FordhamFresno St.,far,FresnoStFurman,fau,FurmanGardner,gal,GardnerGeorgeWashington,gac,GeorgeWashingtonGeorge Mason,gad,GeorgeMasonGeorgetown,gae,GeorgetownGeorgia,gaf,GeorgiaGeorgia Southern,gab,GeorgiaSouthernGeorgia St.,gag,GeorgiaStGeorgia Tech,gah,GeorgiaTechGonzaga,gaj,GonzagaGrambling St.,gak,GramblingStGrand Canyon,grand_canyon,GrandCanyonGreen Bay,wbb,GreenBayHampton,hay,HamptonHartford,hac,HartfordHarvard,had,HarvardHawaii,hae,HawaiiHigh Point,hbd,HighPointHofstra,hak,HofstraHoly Cross,hal,HolyCrossHouston,ham,HoustonHouston Baptist,hba,HoustonBaptistHoward,hao,HowardIdaho,iaa,IdahoIdaho St.,iac,IdahoStIllinoisChicago,iaf,IllinoisChicagoIllinois,iae,IllinoisIllinois St.,iag,IllinoisStIncarnate Word,incarnate_word,IncarnateWordIndiana,iai,IndianaIndiana St.,ial,IndianaStIona,iam,IonaIowa,ian,IowaIowa St.,iao,IowaStIPFW,iav,IPFWIUPUI,iak,IUPUIJackson St.,jaa,JacksonStJacksonville,jab,JacksonvilleJacksonville St.,jae,JacksonvilleStJames Madison,jac,JamesMadisonKansas,kaa,KansasKansas St.,kab,KansasStKennesaw,kns,KennesawKent St.,kae,KentStKentucky,kaf,KentuckyLALafayette,scf,LALafayetteLA Monroe,nah,LAMonroeLa Salle,lad,LasalleLafayette,laa,LafayetteLamar,lab,LamarLehigh,laf,LehighLiberty,lai,LibertyLipscomb,lbu,LipscombLongIslandU,lal,LongIslandULong Beach St.,lan,LongBeachStLongwood,lay,LongwoodLouisiana Tech,lap,LouisianaTechLouisville,laq,LouisvilleLoyolaMD,lau,LoyolaMDLoyola Chicago,las,LoyolaChicagoLoyola Marymount,lat,LoyolaMarymountLSU,lav,LSUMaine,maa,MaineManhattan,mab,ManhattanMarist,mae,MaristMarquette,maf,MarquetteMarshall,mah,MarshallMaryland,maj,MarylandMass-Lowell,massachusetts_lowell,UMassLowellMcNeese St.,mal,McNeeseStMD Eastern Shore,man,MDEasternShoreMemphis,map,MemphisMercer,maq,MercerMiami,mav,MiamiMiamiOH,maw,MiamiOHMichigan,max,MichiganMichigan St.,may,MichiganStMiddleTennessee,maz,MiddleTennesseeWisMilwaukee,wbd,WisMilwaukeeMinnesota,mbd,MinnesotaMiss. Valley St.,mbe,MissValleyStMississippi,mbf,MississippiMississippi St.,mbg,MississippiStMissouri,mbh,MissouriMissouri St.,scg,MissouriStMo. Kansas City,mbi,UMKCMonmouth,mbk,MonmouthMontana,mbm,MontannaMontana St.,mbn,MontanaStMorehead St.,mbp,MoreheadStMorgan St.,mbq,MorganStMount St. Mary's,mbs,MountStMarysMurray St.,mbv,MurrayStNorth carolinaolina,nav,NorthCarolinaNorth Dak. St.,nds,NorthDakotaStNorth Mex. St.,nan,NewMexicoStNorthCarolina A&T,nas,NCATNorthCarolina Asheville,nab,NCAshervilleNorthCarolina Central,nac,NorthCarolinaCentralNorthCarolina Greensboro,nae,NCGreensboroNorthCarolina State,nat,NorthCarolinaStNorthCarolina Wilmington,nag,NCWilmingtonN.J.I.T.,ncf,NJITN'western St.,nbe,NorthwesternStNavy,naa,NavyNebraska,nai,NebraskaNebraska Omaha,neo,NebraskaOmahaNevada,nak,NevadaNew Hampshire,nal,NewHampshireNew Mexico,nam,NewMexicoNew Orleans,nao,NewOrleansNiagara,naq,NiagaraNicholls,nar,NichollsStNorfolk St.,ncb,NorfolkStNorth Dakota,nci,NorthDakotaNorth Florida,nfl,NorthFloridaNorth Texas,nax,NorthTexasNorth. Kentucky,nbj,NorthernKentuckyNortheastern,nay,NortheasternNorthern Arizona,nbc,NorthernArizonaNorthern Colorado,nbh,NorthernColoradoNorthern Illinois,naz,NorthernIllinoisNorthern Iowa,nba,NorthernIowaNorthwestern,nbd,NorthwesternNotre Dame,nbf,NotreDameOakland,oaa,OaklandOhio,oab,OhioOhio St.,oad,OhioStOklahoma,oae,OklahomaOklahoma St.,oag,OklahomaStOld Dominion,oah,OldDominionOral Roberts,oai,OralRobertsOregon,oaj,OregonOregon St.,oak,OregonStPacific,pab,PacificPenn St.,paf,PennStPennsylvania,pag,PennsylvaniaPepperdine,pah,PepperdinePittsburgh,pal,PittsburghPortland,pan,PortlandPortland St.,pbe,PortlandStPrairie View A&M,pao,PrairieViewAMPresbyterian,paq,PresbyterianPrinceton,par,PrincetonProvidence,pas,ProvidencePurdue,pau,PurdueQuinnipiac,qae,QuinnipiacRadford,raa,RadfordRhode Island,rad,RhodeIslandRice,rae,RiceRichmond,raf,RichmondRider,rag,RiderRobert Morris,rah,RobertMorrisRutgers,rak,RutgersS. carolinaolina St.,sax,SouthCarolinaStS. Dakota St.,sds,SouthDakotaStS. Diego St.,sae,SanDiegoStS.carolina. Upstate,sec,SouthCarolinaUpstateS.F. Austin,scc,StephenFAustinSacramento St.,saa,SacramentoStSacred Heart,sdy,SacredHeartSaint Louis,sbr,SaintLouisSam Houston St.,sab,SamHoustonStSamford,sac,SamfordSan Diego,sad,SanDiegoSan Francisco,saf,SanFranciscoSan Jose St.,sag,SanJoseStSanta Clara,sai,SantaClaraSavannah St.,saj,SavannahStSE Louisiana,sam,SELouisianaSE Missouri St.,sap,SEMissouriStSeattle,san,SeattleSeton Hall,sao,SetonHallSiena,sas,SienaSIU Edwardsville,saw,SIUEdwardsvilleSMU,sav,SouthernMethodistSouth Alabama,sbe,SouthAlabamaSouth carolinaolina,sbf,SouthCarolinaSouth Dakota,say,SouthDakotaSouth Florida,sbg,SouthFloridaSouthern,sbh,SouthernSouthern Ill.,sbi,SouthernIllinoisSouthern Miss,sbb,SouthernMissSouthern Utah,sbc,SouthernUtahSt. Bonaventure,sbl,StBonaventureSt. Francis (NY),sbn,StFrancisNYSt. Francis (PA),sbo,StFrancisPASt. John's,sbp,StJohnsSt. Joseph's,sbq,StJosephsSt. Mary's,sbt,StMarysSt. Peter's,sby,StPetersStanford,sca,StanfordStetson,scd,StetsonStony Brook,scy,StonyBrookSyracuse,sci,SyracuseTAMU Corpus Christi,tbq,TAMUCorpusChristiTCU,tac,TCUTemple,tad,TempleTenn-Martin,tae,TennesseeMartinTennessee,tag,TennesseeTennessee St.,tai,TennesseeStTennessee Tech,taj,TensesseeTechTexas,tal,TexasTexas A&M,tan,TexasAMTexas Southern,tar,TexasSouthernTexas St.,sch,TexasStTexas Tech,tas,TexasTechToledo,tau,ToledoTowson,tav,TowsonTroy,taw,TroyTulane,taz,TulaneTulsa,tba,TulsaTX Arlington,tao,TXArlingtonUAB,abh,UABUC Davis,caa,UCDavisUC Irvine,cab,UCIrvineUC Riverside,cau,UCRiversideUCF,cap,UCFUCLA,uaa,UCLAUCSB,sah,UCSBUMass,mak,MasachusettsUMBC,mam,UMBCUNLV,naj,UNLVUSC,uad,USCUtah,uae,UtahUtah St.,uaf,UtahStUtah Valley,uvs,UtahValleyUUTEP,tap,UTEPUTSA,tak,UTSAValparaiso,vab,ValparaisoVanderbilt,vac,VanderbiltVCU,vaa,VirginiaCommonwealthVermont,vad,VermontVillanova,vae,VillanovaVirginia,vaf,VirginiaVirginia Military,vai,VirginaMillitaryVirginia Tech,vah,VirginiaTechW. Kentucky,wao,WKUW. Michigan,wap,WMichiganWagner,wac,WagnerWake Forest,wad,WakeForestWashington,waf,WashingtonWashington St.,wah,WashingtonStWeber St.,wai,WeberStWest Virginia,wal,WestVirginaWestern carolinaolina,wat,WesternCarolinaWestern Ill.,wan,WesternIllinoisWichita St.,wax,WichitaStateWilliam & Mary,wbh,WilliamMaryWinthrop,way,WinthropWisconsin,wbg,WisconsinWofford,wbi,WoffordWright St.,wbj,WrightStWyoming,wbk,WyomingXavier,xaa,XavierYale,yaa,YaleYoungstown St.,yab,YoungstownSt